{
  "mean/auroc": 0.6026220808466555,
  "mean/bedroc": 0.0752906255904609,
  "mean/ef@0.5%": 9.151868512464228,
  "mean/ef@1.0%": 6.9284645560014635,
  "mean/ef@5.0%": 2.7988956018406284,
  "median/auroc": 0.5641584708591957,
  "median/bedroc": 0.051350310220645505,
  "median/ef@0.5%": 5.119951778179626,
  "median/ef@1.0%": 5.119951778179626,
  "median/ef@5.0%": 2.0513273734661275,
  "n_targets": 15
}